"condition","humans","googlenet","vgg19","resnet152"
"colour",0.884895833333333,0.936830357142857,0.972098214285714,0.988839285714286
"greyscale",0.866145833333333,0.916517857142857,0.945758928571429,0.96875
