"condition","humans","googlenet","vgg19","resnet152"
"c100",0.916666666666667,0.923214285714286,0.950892857142857,0.964285714285714
"c50",0.88125,0.894642857142857,0.908928571428571,0.933035714285714
"c30",0.875,0.916964285714286,0.888392857142857,0.916964285714286
"c15",0.81875,0.84375,0.770535714285714,0.821428571428571
"c10",0.760416666666667,0.764285714285714,0.689285714285714,0.758928571428571
"c05",0.545833333333333,0.521428571428571,0.50625,0.601785714285714
"c03",0.310416666666667,0.297321428571429,0.375892857142857,0.360714285714286
"c01",0.0833333333333333,0.0660714285714286,0.134821428571429,0.0839285714285714
