"condition","is.correct"
"1-0-10",0.928125
"2-0-10",0.896875
"4-0-10",0.5875
"8-0-10",0.196875
"16-0-10",0.1
"32-0-10",0.065625
"64-0-10",0.0625
"128-0-10",0.0625
