"condition","humans","googlenet","vgg19","resnet152"
0,0.83375,0.828125,0.825,0.909375
1,0.8125,0.753125,0.671875,0.871875
2,0.685,0.321875,0.30625,0.54375
3,0.40625,0.09375,0.08125,0.153125
4,0.14,0.065625,0.065625,0.084375
5,0.0775,0.0625,0.0625,0.0625
6,0.065,0.065625,0.065625,0.065625
7,0.0575,0.06875,0.071875,0.065625
