"condition","is.correct"
"1-10-10",0.946875
"2-10-10",0.91875
"4-10-10",0.74375
"8-10-10",0.378125
"16-10-10",0.1625
"32-10-10",0.090625
"64-10-10",0.084375
"128-10-10",0.071875
