"condition","is.correct"
"1-3-10",0.940625
"2-3-10",0.915625
"4-3-10",0.746875
"8-3-10",0.321875
"16-3-10",0.146875
"32-3-10",0.08125
"64-3-10",0.059375
"128-3-10",0.059375
