"condition","is.correct"
"1-10-10",0.95625
"2-10-10",0.946875
"4-10-10",0.778125
"8-10-10",0.440625
"16-10-10",0.2125
"32-10-10",0.128125
"64-10-10",0.084375
"128-10-10",0.071875
