"condition","humans","googlenet","vgg19","resnet152"
0,0.875,0.865625,0.8875,0.940625
1,0.84375,0.778125,0.79375,0.915625
2,0.79,0.53125,0.509375,0.7125
3,0.5975,0.125,0.1375,0.284375
4,0.225,0.065625,0.078125,0.1375
5,0.12,0.0625,0.065625,0.071875
6,0.0825,0.0625,0.059375,0.0625
7,0.0725,0.0625,0.059375,0.0625
