"condition","humans","googlenet","vgg19","resnet152"
0,0.86,0.86875,0.875,0.946875
1,0.86125,0.83125,0.83125,0.91875
2,0.83125,0.640625,0.60625,0.74375
3,0.7525,0.20625,0.209375,0.378125
4,0.5025,0.096875,0.10625,0.1625
5,0.29125,0.0625,0.06875,0.090625
6,0.12,0.065625,0.08125,0.084375
7,0.07375,0.0625,0.065625,0.071875
