"condition","humans","googlenet","vgg19","resnet152"
"true",0.880357142857143,0.924107142857143,0.952083333333333,0.971130952380952
"opponent",0.831547619047619,0.872321428571429,0.875297619047619,0.910714285714286
