"condition","humans","googlenet","vgg19","resnet152"
"Inf",0.846875,0.86875,0.885416666666667,0.93125
"3",0.81875,0.688541666666667,0.733333333333333,0.6625
"1.5",0.73125,0.429166666666667,0.577083333333333,0.286458333333333
"1",0.6625,0.2375,0.405208333333333,0.188541666666667
"0.7",0.497916666666667,0.154166666666667,0.255208333333333,0.134375
"0.55",0.31875,0.148958333333333,0.18125,0.113541666666667
"0.45",0.096875,0.125,0.114583333333333,0.10625
"0.4",0.06875,0.113541666666667,0.123958333333333,0.0958333333333333
