"condition","humans","googlenet","vgg19","resnet152"
0,0.859375,0.909375,0.922916666666667,0.939583333333333
1,0.808333333333333,0.825,0.813541666666667,0.909375
3,0.717708333333333,0.507291666666667,0.472916666666667,0.6375
5,0.583333333333333,0.255208333333333,0.267708333333333,0.355208333333333
7,0.485416666666667,0.140625,0.176041666666667,0.180208333333333
10,0.3125,0.104166666666667,0.111458333333333,0.108333333333333
15,0.185416666666667,0.0729166666666667,0.0760416666666667,0.0677083333333333
40,0.0770833333333333,0.0635416666666667,0.0427083333333333,0.0625
