"condition","humans","googlenet","vgg19","resnet152"
0,0.805,0.869642857142857,0.858928571428571,0.879464285714286
0.03,0.79625,0.808035714285714,0.758928571428571,0.792857142857143
0.05,0.78125,0.708928571428571,0.604464285714286,0.710714285714286
0.1,0.75125,0.408928571428571,0.282142857142857,0.49375
0.2,0.60875,0.109821428571429,0.0866071428571429,0.240178571428571
0.35,0.45625,0.0633928571428571,0.0651785714285714,0.100892857142857
0.6,0.1675,0.0625,0.0651785714285714,0.0669642857142857
0.9,0.06,0.0625,0.0642857142857143,0.0625
