"condition","humans","googlenet","vgg19","resnet152"
0,0.836458333333333,0.892708333333333,0.889583333333333,0.947916666666667
30,0.814583333333333,0.854166666666667,0.852083333333333,0.905208333333333
60,0.7375,0.729166666666667,0.730208333333333,0.783333333333333
90,0.573958333333333,0.432291666666667,0.45,0.488541666666667
120,0.308333333333333,0.113541666666667,0.107291666666667,0.136458333333333
150,0.0916666666666667,0.0645833333333333,0.0614583333333333,0.0614583333333333
180,0.0697916666666667,0.0625,0.053125,0.0635416666666667
