"condition","humans","googlenet","vgg19","resnet152"
"original",0.831547619047619,0.904166666666667,0.927678571428571,0.947321428571429
"equalised",0.701488095238095,0.656547619047619,0.655952380952381,0.69672619047619
