"condition","humans","googlenet","vgg19","resnet152"
0,0.847916666666667,0.896354166666667,0.916145833333333,0.9515625
90,0.785416666666667,0.50625,0.5625,0.627083333333333
180,0.7640625,0.614583333333333,0.667708333333333,0.7203125
270,0.790625,0.5,0.5484375,0.615104166666667
