"condition","humans","sixteen01v4","all-noise","specialised"
"colour",0.884895833333333,0.966517857142857,0.956696428571429,0.906473214285714
"greyscale",0.866145833333333,0.878348214285714,0.94921875,0.956473214285714
