"condition","humans","sixteen01v4","all-noise","specialised"
"c100",0.916666666666667,0.869642857142857,0.946875,0.936607142857143
"c50",0.88125,0.767857142857143,0.941964285714286,0.925892857142857
"c30",0.875,0.65625,0.946428571428571,0.942857142857143
"c15",0.81875,0.40625,0.93125,0.941071428571429
"c10",0.760416666666667,0.272321428571429,0.944642857142857,0.927678571428571
"c05",0.545833333333333,0.13125,0.895535714285714,0.89375
"c03",0.310416666666667,0.1,0.845982142857143,0.854464285714286
"c01",0.0833333333333333,0.0732142857142857,0.66875,0.584821428571429
