"condition","humans","sixteen01v4","all-noise","specialised"
"Inf",0.846875,0.839583333333333,0.934375,0.932291666666667
"3",0.81875,0.45,0.921354166666667,0.919791666666667
"1.5",0.73125,0.338541666666667,0.922395833333333,0.925
"1",0.6625,0.25625,0.915625,0.929166666666667
"0.7",0.497916666666667,0.211458333333333,0.910416666666667,0.926041666666667
"0.55",0.31875,0.148958333333333,0.921354166666667,0.93125
"0.45",0.096875,0.10625,0.903125,0.911458333333333
"0.4",0.06875,0.084375,0.8796875,0.873958333333333
