"condition","humans","sixteen01v4","all-noise","specialised"
0,0.859375,0.861458333333333,0.94375,0.847916666666667
1,0.808333333333333,0.776041666666667,0.919270833333333,0.85
3,0.717708333333333,0.455208333333333,0.8453125,0.829166666666667
5,0.583333333333333,0.3,0.784375,0.823958333333333
7,0.485416666666667,0.188541666666667,0.747916666666667,0.784375
10,0.3125,0.147916666666667,0.658333333333333,0.660416666666667
15,0.185416666666667,0.0802083333333333,0.4671875,0.170833333333333
40,0.0770833333333333,0.065625,0.0989583333333333,0.117708333333333
