"condition","humans","sixteen01v4","all-noise","specialised"
0,0.805,0.659821428571429,0.948214285714286,0.889285714285714
0.03,0.79625,0.529464285714286,0.938392857142857,0.890178571428571
0.05,0.78125,0.3625,0.926785714285714,0.885714285714286
0.1,0.75125,0.127678571428571,0.866964285714286,0.850892857142857
0.2,0.60875,0.0642857142857143,0.825,0.858928571428571
0.35,0.45625,0.0625,0.715178571428571,0.802678571428571
0.6,0.1675,0.0598214285714286,0.550892857142857,0.653571428571429
0.9,0.06,0.0616071428571429,0.348214285714286,0.39375
