"condition","humans","sixteen01v4","all-noise","specialised"
0,0.836458333333333,0.879166666666667,0.939583333333333,0.877083333333333
30,0.814583333333333,0.772916666666667,0.936458333333333,0.852083333333333
60,0.7375,0.539583333333333,0.902604166666667,0.846875
90,0.573958333333333,0.233333333333333,0.827604166666667,0.813541666666667
120,0.308333333333333,0.10625,0.724479166666667,0.748958333333333
150,0.0916666666666667,0.084375,0.394791666666667,0.451041666666667
180,0.0697916666666667,0.0791666666666667,0.338020833333333,0.369791666666667
