"condition","humans","sixteen01v4","all-noise","specialised"
0,0.847916666666667,0.857291666666667,0.937239583333333,0.89375
90,0.785416666666667,0.365104166666667,0.802864583333333,0.890104166666667
180,0.7640625,0.535416666666667,0.833072916666667,0.894270833333333
270,0.790625,0.3703125,0.820052083333333,0.881770833333333
