"condition","sixteen01v4","all-noise","specialised"
0,0.624107142857143,0.9375,0.803571428571429
0.1,0.0553571428571429,0.774107142857143,0.79375
0.2,0.0607142857142857,0.785714285714286,0.79375
0.35,0.0625,0.676785714285714,0.761607142857143
0.5,0.0625,0.625892857142857,0.775
0.65,0.0651785714285714,0.483928571428571,0.753571428571429
0.8,0.0625,0.297321428571429,0.666964285714286
0.95,0.0598214285714286,0.110714285714286,0.4125
